Model,MAE,MSE,RMSE,R2,CV_RMSE
Linear Regression,5403119.901973369,41900809994712.35,6473083.4997481955,0.7057895111092491,6753869.1466303365
Ridge Regression,5411615.112254929,41907449696232.38,6473596.349497888,0.7057428898188602,6754603.462654094
Lasso Regression,5403119.876116818,41900809489074.98,6473083.460691279,0.7057895146596297,6753869.1524142
Random Forest,1634675.625,4509535914044.2705,2123566.7905776524,0.9683358683016201,2134132.536701116
