Feature,Permutation Importance
Area,1.4410733207318291
Location,0.7701632817981064
Bedrooms,0.044282859937288
Age,0.00756188795836944
Bathrooms,0.0004916711823911513
Property_Type,0.00042994508816339704
Property_ID,0.0
